1,ﾋﾟｴｰﾙｶﾙﾀﾞﾝ,pierrecardin
2,ｱﾙﾌﾞｰﾀｽ,abutas
3,ｳﾞｧﾚﾝﾃｨﾉ･ﾙﾃﾞｨｰ,valentinorudy
4,ﾚｺﾞ,LEGO
5,ｿｰﾗｽ,SOLUS
6,ｶｸﾀｽ,CACTUS
7,ﾌﾞﾗﾌﾏﾝ,BRAHMAN
8,ｽｲｽﾐﾘﾀﾘｰ,SWISSMILITARY
9,ﾌｨﾗ,FILA
10,ﾆｭｰﾊﾞﾗﾝｽ,newbalance
11,ｴｲﾄｯﾌﾟ,ATOP
13,ﾋﾂｼﾞﾉｼｮｰﾝ,"Shaun the Sheep"
14,ｸﾞﾙｽ,GRUS
15,ｶﾗｰﾂｲﾝｽﾞ,"color twins"
16,ｲﾀﾘｱﾝｵｲﾙﾚｻﾞｰ,Italianoilleather
17,ｱｰﾊﾞﾝﾘｻｰﾁ,"urban reseach"
18,ﾁﾂﾞﾙ,千鶴
101,ｱｯｼｭｴﾙ,
102,ｱﾄﾞﾘｱｰﾉ,
104,ｳﾞｨｵｰﾙ,
105,ﾄｷﾏ,tokima
107,ｴﾙｼｵﾝ,
109,ｵﾘｴﾝﾄ,
111,ｵﾚｵｰﾙ,
112,ｶﾝｻｲｾﾚｸｼｮﾝ,
113,ｸｰﾙﾊﾞｲｶｰｽﾞ,
114,ｸﾚｰｼﾞｭ,
115,ｸﾛﾄﾝ,
116,ｹﾞﾙﾏ,
118,ｹﾝﾃｯｸｽ,
119,ｺｰﾁ,
120,ｺｺﾃﾞｽ,
121,ｺﾁｺﾁ,
122,ｻｸｽﾆ-,
123,ｻﾝｼﾞｪﾙﾏﾝﾒｻﾞﾏｼ,
124,ｼｰｹｰ,
125,ｼﾞｮﾝﾊﾘｿﾝ,
126,ｼﾞｪｯﾄｾｯﾄ,
127,ｼﾞｯﾎﾟﾗｲﾀｰ,ZIPPO
128,ZIPPOｳｵｯﾁ,
130,ｼﾞｭﾈｰﾌﾞ,
131,ｼﾞｮﾙｼﾞｵﾛｯｼ,
132,ｽｳｫｯﾁ,
133,ｽｳｫｯﾁﾋﾞｼﾞｭ,
134,ｾｲｺｰ,SEIKO
135,ﾀｹｵﾆｼﾀﾞ,
136,ﾁｺ,
137,ﾁﾁﾆｭｰﾖｰｸ,
138,ﾁｭｯﾊﾟﾁｬﾌﾟｽ,
139,D&G,
140,ﾃｨｿ,TISSOT
141,ﾃｸﾉｽ,TECHNOS
480,ｵｰﾗｸﾘｰﾝ,
19,テスト株式会社,テスト
20,ほげほげ株式会社,ほげ
21,ほげほげ株式会社2,ほげ
22,もえもえブランド,もえ
23,もえもえブランド２,もえ
24,もえもえブランド3,もえ
25,もえもえブランド4,もえ
26,もえもえブランド5,もえ
27,もえーる,もえーる
28,もえーる２,もえーる
29,もえっくす,もえっくす
30,もえちゃん,もえちゃｎ
31,もえちゃん２,もえちゃｎ
32,にんじん,
