supplier_code,supplier_name,supplier_index,supplier_zipcode,supplier_address1,supplier_address2,supplier_address3,supplier_tel,supplier_fax,supplier_email,supplier_salerep,supplier_industrytype,supplier_businesstype,supplier_information
100001,アップワーズ,ｱｯﾌﾟﾜｰ,276-0046,千葉県八千代市,大和田新田59-106,,047-480-3727,047-480-3727,,,,,
100003,株式会社　ｲｰｽﾄｴﾝﾄﾞｶﾝﾊﾟﾆｰ,ｲｰｽﾄｴﾝ,550-0004,大阪府大阪市西区,靱本町2-4-7,イーストエンドビル　9Ｆ,06-6448-6866,06-6448-6867,,,,,
100004,株式会社　イサムコーポレーション,ｲｻﾑｺｰﾎ,111-0051,東京都台東区,蔵前4-21-9,蔵前坂口ビル3F,03-5835-0871,03-5835-0874,,,,,
100007,株式会社　コスミック,ｺｽﾐｯｸ,164-0011,東京都中野区,中央3-45-18,,03-3365-6071,03-3365-1086,,,,,
100014,株式会社　エンポリオ,ｴﾝﾎﾟﾘｵ,133-0052,東京都江戸川区,東小岩1-3-1,,03-5693-0002,03-5693-0003,,,,,
100020,株式会社　協栄,ｷｮｳｴｲ,173-0016,東京都板橋区,中板橋8-1,,03-3964-6351,,,,,,
100030,株式会社　常真,ｼﾞｮｳｼﾝ,110-0016,東京都台東区,台東4-27-5,松本マンション302,03-3833-5306,03-3833-5307,,,,,
100031,株式会社　新洋,ｼﾝﾖｳ,167-0051,東京都杉並区,荻窪4-32-2,,03-3392-7177,03-3393-0284,,,,,
100034,奥村嘉次,ｵｸﾑﾗ,270-0114,千葉県流山市,東初石3-127-4,,0471-52-6676,0471-52-6676,,,,,
100035,株式会社　第一昭和,ﾀﾞｲｲﾁｼ,103-0001,東京都中央区,日本橋小伝馬町7-10,,03-3667-0761,03-3249-5297,,,,,
100036,有限会社　タイムリバース,ﾀｲﾑﾘﾊﾞ,110-0016,東京都台東区,台東4-6-5,御徒町グリーンプラザ703,03-5688-5556,,,,,,
100038,株式会社　タックルプランニング,ﾀｯｸﾙﾌﾟ,564-0051,大阪府吹田市,豊津町11-16,第一かつみビル2F,06-4861-0777,06-4861-1777,,,,,
100040,株式会社　中部プロット,ﾁｭｳﾌﾞﾌ,440-0851,愛知県豊橋市,前田南町1-9-21,,0532-51-1801,0532-51-1881,,,,,
100041,ツダカ商事　株式会社,ﾂﾀﾞｶｼｮ,541-0059,大阪府大阪市中央区,博労町3-1-7,,06-6245-5588,06-6251-5739,,,,,
100043,株式会社　東英,ﾄｳｴｲ,550-0023,大阪府大阪市西区,千代崎1-16-10,Aトレードビル,06-6584-3656,,,,,,
100047,株式会社　ドリテック,ﾄﾞﾘﾃｯｸ,343-0824,埼玉県越谷市,流通団地2-3-9,,048-961-1500,048-297-8433,,,,,
100050,ビー・アイモントル　株式会社,ﾋﾞｰ･ｱｲ,103-0002,東京都中央区,日本橋馬喰町1-3-3,日本橋TKビル4F,03-5641-1450,03-5641-1455,,,,,
100054,株式会社　フジサワ,ﾌｼﾞｻﾜ,120-0044,東京都足立区,千住緑町1-15-1,,03-3882-1991,03-3882-0738,,,,,
100055,株式会社　ベアーズ,ﾍﾞｱｰｽﾞ,120-0021,東京都足立区,日ノ出町14-3,,03-3881-1218,,,,,,
100056,三星産業貿易　株式会社,ﾐﾂﾎﾞｼｻ,577-0053,大阪府東大阪市,高井田8-10,,06-6782-3155,06-6787-3187,,,,,
100057,時計屋　ケイズショップ,ﾒｲﾌｫｰｺ,152-0035,東京都目黒区,自由が丘1-28-8,自由が丘デパート　B1,04-7136-2328,04-7136-2328,,,,,
100058,株式会社　ユナイテッド,ﾕﾅｲﾃｯﾄ,171-0021,東京都豊島区,西池袋5-26-19,陸王西池袋ビル7,03-5995-2801,03-5995-2775,,,,,
100063,アクシェ・インターナショナル,ｱｸｼｪ･ｲ,110-0016,東京都台東区,台東3-35-7,ペガサスミシンビル502,03-3833-3822,03-3833-3821,,,,,
100064,井島貴金属精錬　株式会社,ｲｼﾞﾏｷｷ,116-0013,東京都荒川区,西日暮里2-50-10,,03-3803-1705,,,,,,
100065,ジェムクリニックセンター,ｼﾞｪﾑｸﾘ,110-0005,東京都台東区,上野5-16-6,信宝ビル3F,03-3834-6371,03-3836-3647,,,,,
100066,株式会社,ﾄﾚｼﾞｬｰ,110-0015,東京都台東区,東上野1-13-5,,03-3833-5836,03-3833-5837,,,,,
100067,有限会社　フォービート,ﾌｫｰﾋﾞｰ,114-0011,東京都北区,昭和町2-1-6,中久喜ビル303,03-3800-0155,03-3800-0155,,,,,
100068,有限会社　ヨシダ,ﾖｼﾀﾞ,350-0027,埼玉県川越市,南田島598-1,,0492-46-2231,0492-46-2232,,,,,
100069,入倉宝飾　有限会社,ｲﾘｸﾗﾎｳ,173-0026,東京都板橋区,中丸町54-1,,03-3955-5772,03-3955-5778,,,,,
100070,ECO-HARU（FAR　EAST)LIMITED,ｴｺﾊﾙ,,,,,,,,,,,
100071,EGANA OF SWITZERLAND(F.E)LTD,ｴｶﾞﾅ,,,,,,,,,,,
100072,MIRNAR TRADERS LIMITED,ﾐﾙﾅｰﾙ,,,,,,,,,,,
100073,QPF LTD,ｷｭｰﾋﾟｰ,,,,,,,,,,,
100074,HAYASHI COMPANY,ﾊﾔｼ,,,,,,,,,,,
100075,"KENTEX TIME CO.,LTD",ｹﾝﾃｯｸｽ,,"Room4,11/F,Sun Cheong Industrial","Building2-4 Cheung Yee Street,","Cheung Sha Wan,Kowloon,Hong Kong",,,,,,,
100077,SKY SILVER LIMITED,ｽｶｲｼﾙﾊ,,,,,,,,,,,
100078,"EVERGREEN MST CO.,LTD",ｴﾊﾞｰｸﾞ,,,,,,,,,,,
100079,スウォッチグループジャパン,ﾗﾄﾞｰ,104-8188,東京都中央区,銀座7-9-18,ニコラス・G・ハイエックセンター,03-6254-7330,03-6254-7125,,,,,
100080,株式会社　DINKS,ﾃﾞｨﾝｸｽ,543-0024,大阪府大阪市天王寺区,舟橋町5-19,舟橋ビル1F,06-6762-4500,06-6768-9955,,,,,
100081,スウォッチグループジャパン,ﾛﾝｼﾞﾝ,104-8188,東京都中央区,銀座7-9-18,ニコラス・G・ハイエックセンター,03-6254-7350,03-6254-7125,,,,,
100083,㈱ライズ,ﾗｲｽﾞ,337-0051,埼玉県さいたま市見沼区大宮,5-30-12-7F,,048-686-0307,048-686-9788,,,,,
100084,株式会社　ティ・エヌ・ノムラ,ﾃｨｴﾇ,542-0081,大阪府大阪市中央区,南船場1-11-3-5F,,06-6265-3540,06-6265-3542,,,,,
100085,株式会社　三島商事,ﾐｼﾏｼｮｳ,111-0056,東京都台東区,小島2-20-7,扶桑御徒町ビル7階,03-6277-4211,03-6277-4212,,,,,
100086,氏家商事　株式会社,ｳｼﾞｲｴｼ,124-0012,東京都葛飾区,立石7-2-5,,03-3697-9138,03-3697-9134,,,,,
100087,ねのひ,ﾈﾉﾋ,547-0024,大阪府大阪市平野区,瓜破4-2-45,,06-6790-7633,,,,,,
100088,有限会社　ティーツー,ﾃｨｰﾂｰ,564-0051,大阪府吹田市,豊津町11-16,第一かつみビル2F,06-6190-1166,06-4861-1777,,,,,
100089,"SUN　KEY　TIME　CO.,LTD.",ｻﾝｹｲ,,,,,,,,,,,
100090,スウォッチグループジャパン,ｼｰｹｰ,104-8188,東京都中央区,銀座7-9-18,ニコラス・G・ハイエックセンター,03-6254-7380,03-6254-7124,,,,,
100091,株式会社　エフエフ商事,ｴﾌｴﾌｼｮ,167-0051,東京都杉並区,荻窪4-32-2,,03-3392-1333,03-3393-0284,,,,,
100092,石福ジュエリーパーツ,ｲｼﾌｸｼﾞ,110-0005,東京都台東区,上野5-22-6,,03-3832-5241,03-3836-2063,,,,,
100093,株式会社　サンブランド,ｻﾝﾌﾞﾗﾝ,543-0018,大阪府大阪市天王寺区,空清町10-1,,06-6767-6333,06-6767-6336,,,,,
100094,株式会社　ヨシダ宝飾,ﾖｼﾀﾞﾎｳ,142-0064,東京都品川区,旗の台2-6-12,,03-3787-0232,03-3786-8284,,,,,
100095,貴船ファーイースト,ｷﾌﾈﾌｧｰ,476-0011,愛知県東海市,富木島町貴船46,,052-601-8060,052-601-0369,,,,,
100096,フェデラルエクスプレス,ﾌｪﾃﾞﾗﾙ,261-7110,千葉県千葉市美浜区,中瀬2丁目6番地,ﾜｰﾙﾄﾞﾋﾞｼﾞﾈｽｶﾞｰﾃﾞﾝ　ﾏﾘﾌﾞｳｴｽﾄ,0120-732327,,,,,,
100097,バンテックワールドトランスポート,ﾊﾞﾝﾃｯｸ,103-0023,東京都中央区,日本橋本町4-9-11,第9中央ビル5F,03-5847-5630,03-5847-5635,,,,,
100098,税関,ｾﾞｲｶﾝ,,,,,,,,,,,
100099,銀行,ｷﾞﾝｺｳ,,,,,,,,,,,
100100,中南海貿易　有限会社,ﾁｭｳﾅﾝｶ,110-0015,東京都台東区,東上野1-9-7,ビジョン東上野ビル5F,03-3834-0371,03-3837-2386,,,,,
100101,エスピービー　株式会社,ｴｽﾋﾟｰﾋ,460-0008,愛知県名古屋市中区,栄3-18-1,ﾅﾃﾞｨｱﾊﾟｰｸﾋﾞｼﾞﾈｽｾﾝﾀｰﾋﾞﾙ14F,052-269-1580,052-269-1581,,,,,
100102,株式会社　マルゼキ,ﾏﾙｾﾞｷ,113-0033,東京都文京区,本郷2-15-13,お茶の水ウイングビル8F,03-5615-8785,03-5615-8783,,,,,
100103,株式会社　ケンテックスジャパン,ｹﾝﾃｯｸｽ,110-0005,東京都台東区,上野5-5-8,IMIビル2F,03-5846-0811,03-5846-0812,,,,,
100104,有限会社,ｴｲｹｲｴｸ,110-0016,東京都台東区,台東4-27-7-301,,03-3836-6507,03-3836-6517,,,,,
100105,アーサー　株式会社,ｱｰｻｰ,540-0013,大阪府大阪市中央区,内久宝寺町4-3-8,,06-6768-1788,06-6768-1799,,,,,
100106,株式会社　ホーゲル,ﾎｰｹﾞﾙ,542-0081,大阪府大阪市中央区,南船場1-11-3,,06-6265-3580,06-6265-3584,,,,,
100107,MANLEI PRECISION LTD,ﾏﾝﾚｲ,,,,,,,,,,,
100108,エガナ・タイム・ジャパン,ｴｶﾞﾅ･ﾀ,171-0021,東京都豊島区,西池袋5-26-19,陸王西池袋ビル　7F,03-5995-2806,03-5995-2775,,,,,
100109,有限会社　サンプランマイド,ｻﾝﾌﾟﾗﾝ,110-0016,東京都台東区,台東3-13-9,第2星野ビル4F,03-5812-8035,03-5812-5905,,,,,
100110,有限会社アフェクティー・エ・コー,ｱﾌｪｸﾃｨ,273-0012,千葉県船橋市,浜町2-2-5-1002,,047-433-1127,047-433-1129,,,,,
100111,東京税関,ﾄｳｷｮｳｾ,,,,,,,,,,,
100112,有限会社　ティーズスタイル,ﾃｨｰｽﾞｽ,564-0051,大阪府吹田市,豊津町11-16,第一かつみビル2F,06-4861-0777,06-4861-1777,,,,,
100113,株式会社　原田企画,ﾊﾗﾀﾞｷｶ,104-0061,東京都中央区,銀座8-9-11,銀座天國ビル　6F,03-3571-0911,03-3571-5044,,,,,
100114,海外新聞普及　株式会社,ｶｲｶﾞｲｼ,108-0023,東京都港区,芝浦2-9-13,,03-5476-8128,,,,,,
100115,日本ゴールドファイル販売,ﾆﾎﾝｺﾞｰ,171-0021,東京都豊島区,西池袋5-26-17,陸王西池袋ビル7F,03-5995-2750,03-5995-2775,,,,,
100116,有限会社　エバーグリーン,ｴﾊﾞｰｸﾞ,116-0014,東京都荒川区,東日暮里1-16-5-302,,03-3891-6559,03-3891-6559,,,,,
100117,有限会社　ノルディック,ﾉﾙﾃﾞｨｯ,540-0004,大阪府大阪市中央区,玉造1-21-22,第二t鍵ビル202号,06-6763-3117,,,,,,
100118,有限会社　ココデス,ｺｺﾃﾞｽ,332-0001,埼玉県川口市,朝日1-21-17,,090-9348-6924,048-226-7233,,,,,
100119,有限会社　クライム,ｸﾗｲﾑ,285-0034,千葉県佐倉市,千成2-22-7,,043-485-5765,043-485-5765,,,,,
100120,株式会社　長屋商会,ﾅｶﾞﾔｼｮ,567-0887,大阪府茨木市,西中条町3番,ＮＳビル3階,072-645-0770,072-645-0778,,,,,
100121,SKY LONG INTERNATONAL LTD,ｽｶｲﾛﾝｸ,,,,,,,,,,,
100122,株式会社　トリガー,ﾄﾘｶﾞｰ,114-0002,東京都北区,王子3-22-24,東建会館4F,03-5902-7881,,,,,,
100123,有限会社　ジュリア商会,ｼﾞｭﾘｱｼ,110-0005,東京都台東区,上野3-7-8,,03-3837-2676,03-3837-2709,,,,,
100124,オリエント時計　株式会社,ｵﾘｴﾝﾄﾄ,160-0022,東京都新宿区,新宿4-1-6,JR新宿ミライナタワー29階,03-5312-0456,03-5312-0456,,,,,
100125,スウォッチグループジャパン,ﾃｨｿ,104-0061,東京都中央区,銀座7-13-8,第2丸高ビル9F,03-5565-1441,03-5565-1465,,,,,
100126,ｴｶﾞﾅ･ｺﾞｰﾙﾄﾞﾌｧｲﾙ･ｼﾞｬﾊﾟﾝ,ｴｶﾞﾅ･ｺ,171-0021,東京都豊島区,西池袋5-26-19,陸王西池袋ビル7Ｆ,03-5995-2806,03-5995-2775,,,,,
100127,有限会社　ティーアンドアイ,ﾃｨｰｱﾝﾄ,110-0005,東京都台東区,上野3-15-8,寺田ビル2F,03-3839-0311,03-3839-0318,,,,,
100128,セイコーウォッチ　株式会社,ｾｲｺｰｳｫ,104-0061,東京都中央区,銀座1-26-1,,03-3564-4651,03-3564-5427,,,,,
100129,株式会社　タイアップ,ﾀｲｱｯﾌﾟ,576-0052,大阪府交野市,私部7-5-1,サンシティ交野610号,070-6920-4891,072-892-1871,,,,,
100130,株式会社　ランク,ﾗﾝｸ,110-0015,東京都台東区,東上野1-7-12,,03-3833-2621,03-3833-2622,,,,,
100131,中国寧波広海　有限公司,ﾁｭｳｺﾞｸ,,CHONG SHOU ECONMIC DEVLOP.NINGBO,CHINA,,,,,,,,
100132,マルマン　株式会社,ﾏﾙﾏﾝ,101-0021,東京都千代田区,外神田1-8-13,NREG秋葉原ビル　4階,03-3526-9980,03-3526-9981,,,,,
100133,ｼﾞｬﾊﾟﾝﾎﾟｰﾄｻｰﾋﾞｽ　株式会社,ｼﾞｬﾊﾟﾝ,140-0004,東京都品川区,南品川5-6-9,JPSビル,03-3450-9150,03-3450-9155,,,,,
100134,株式会社　和工,ﾜｺｳ,335-0033,埼玉県戸田市,笹目北町12-11,,048-421-9831,048-422-1859,,,,,
100135,株式会社　リンク,ﾘﾝｸ,557-0031,大阪府大阪市西成区,鶴見橋2-8-12,,06-7504-8463,06-6568-0775,,,,,
100136,株式会社ホッタインターナショナル,ﾎｯﾀｲﾝﾀ,104-0061,東京都中央区,銀座7-13-10,日本興亜銀座ビル　2階,03-6226-4715,03-6225-4719,,,,,
100137,株式会社　エムメリディアン,ｴﾑﾒﾘﾃﾞ,107-0052,東京都港区,赤坂4-1-33,赤坂中西ビル5F,03-3586-9455,03-3586-7875,,,,,
100138,株式会社　五十君商店,ｲｷﾞﾐｼｮ,110-0005,東京都台東区,上野5-24-1,,03-3831-8035,03-3835-9451,,,,,
100139,株式会社　ドンキーボックス,ﾄﾞﾝｷｰﾎ,114-0012,東京都北区,田端新町1-7-9,相光ビル3F,03-6240-8971,03-6240-8972,,,,,
100140,ｽｳｫｯﾁｸﾞﾙｰﾌﾟｼﾞｬﾊﾟﾝ　株式会社,ｽｳｫｯﾁｸ,1048188,東京都中央区,銀座7-9-18,ニコラス･G･ハイエックセンター,03-6254-7400,03-6254-7127,,,,,
100141,タパック　株式会社,ﾀﾊﾟｯｸ,160-0022,東京都新宿区,新宿1-11-12,岩下ビル　6F,03-3354-5341,03-3354-5346,,,,,
100142,株式会社　サエラ研究所,ｻｴﾗｹﾝｷ,140-0001,東京都品川区,北品川1-22-17-408,,03-5463-1629,03-5463-2278,,,,,
100143,MGIジャパン　株式会社,ｴﾑｼﾞｰｱ,108-0074,東京都港区,高輪3-4-1,高輪偕成ビル3F,03-6408-0719,03-6408-0729,,,,,
100144,ノア精密　株式会社,ﾉｱｾｲﾐﾂ,111-0042,東京都台東区,寿1-6-7,ユーハイツ伸光,03-3841-9507,03-3841-9987,,,,,
100145,C&C　株式会社,ｼｰｱﾝﾄﾞ,6048161,京都府京都市中京区烏丸通六角下る,七観音町629-1,,075-231-6577,075-231-2966,,,,,
100146,原田商会　株式会社,ﾊﾗﾀﾞｼｮ,532-0031,大阪府大阪市淀川区,加島3-2-15,,06-6306-0777,06-6306-0766,,,,,
100147,アイウォッチ　有限会社,ｱｲｳｫｯﾁ,393-0000,長野県諏訪郡下諏訪町9548番地,,,0266-28-9961,0266-28-9961,,,,,
100148,株式会社　フレグリー,ﾌﾚｸﾞﾘｰ,271-0092,千葉県松戸市,松戸2060,松戸商工会議所　別館　2F,047-711-5750,047-711-5740,,,,,
100149,スウォッチグループジャパン,ｽｳｫｯﾁｸ,104-8188,東京都中央区,銀座7-9-18,ニコラス・G・ハイエックセンター,03-6254-7279,03-3545-7124,,,,,
100150,株式会社　フォッシルジャパン,ﾌｫｯｼﾙｼ,151-0051,東京都渋谷区,千駄ケ谷5-33-8,SOUTH GATE新宿　7F,03-5312-2361,03-5312-2362,,,,,
100151,株式会社　ﾄﾗﾝｽﾖｰﾛｯﾊﾟｺｰﾎﾟﾚｰｼｮﾝ,ﾄﾗﾝｽﾖｰ,110-0015,東京都台東区,東上野2-10-13,フォーチュン福田ビル2F,03-5826-4250,03-5826-4249,,,,,
100152,栄光時計　株式会社,ｴｲｺｳﾄｹ,541-0059,大阪府大阪市中央区,博労町3-3-1,,06-6244-8805,,,,,,
100153,ｱﾚｸｻﾝﾄﾞﾗ・ｼﾞｬﾊﾟﾝ・ﾘﾐﾃｯﾄﾞ,ｱﾚｸｻﾝﾄ,103-0027,東京都中央区,日本橋3-5-9-301,,03-3245-0211,03-3245-0213,,,,,
100154,"I　WATCH　CO.,LTD",ｱｲｳｫｯﾁ,,"Room 1102A,OCEAN CENTRE,HARBOUR",CITY KOWLOON H.K,,,,,,,,
100155,株式会社　天賞堂,ﾃﾝｼｮｳﾄ,104-0061,東京都中央区,銀座4-3-9,,03-3561-0101,03-3561-0104,,,,,
100156,トーショー　株式会社,ﾄｰｼｮｰ,230-0052,神奈川県横浜市鶴見区,生麦4-5-11,新興プランテックビル2F,045-508-3388,,,,,,
100157,"COMTECH WATCHES(PRODUCTS)CO.,LTD",ｺﾑﾃｯｸ,,,,,852-24192829,852-24191516,,,,,
100158,株式会社　フィフティ50,ﾌｨﾌﾃｨ5,132-0035,東京都江戸川区,平井5-27-6,アーバンコート精2F,03-5247-3981,03-5247-3982,,,,,
100159,株式会社　ｼｪﾙｳｯﾄﾞｱﾝﾄﾞﾃｨﾌｧﾆｨ,ｼｪﾙｳｯﾄ,541-0054,大阪府大阪市中央区,南本町1-3-5,JSKビル,06-6261-4281,06-6261-4280,,,,,
100160,株式会社　タイムクラブ,ﾀｲﾑｸﾗﾌ,541-0048,大阪府大阪市中央区,瓦町1-4-6,,06-6205-4284,06-6205-4280,,,,,
100161,株式会社　ﾌｧｲﾌﾞｽﾀｰﾄﾚｰﾃﾞｨﾝｸﾞ,ﾌｧｲﾌﾞｽ,556-0006,大阪府大阪市浪速区,日本橋東1-1-5,SK BUILDING 2F,06-6645-5656,06-6645-5857,,,,,
100162,平和堂貿易　株式会社,ﾍｲﾜﾄﾞｳ,107-0052,東京都港区,赤坂4-1-33,赤坂中西ビル4F,03-3586-1811,,,,,,
100163,ｽｳｫｯﾁｸﾞﾙｰﾌﾟｼﾞｬﾊﾟﾝ　株式会社,ﾊﾐﾙﾄﾝ,1048188,東京都中央区,銀座7-9-18,ニコラス・G・ハイエックセンター,03-6254-7200,,,,,,
100164,ランガージャパン　株式会社,ﾗﾝｶﾞｰｼ,162-0845,東京都新宿区,市谷本村町3-28,新日本市ヶ谷ビル1F,03-6265-0030,03-6265-0031,,,,,
100165,株式会社　タルガ,ﾀﾙｶﾞ,104-0061,東京都中央区,銀座2-12-12,深山ビル　6階A,03-5550-2355,03-5550-2352,,,,,
100166,ユーロパッション　株式会社,ﾕｰﾛﾊﾟｯ,542-0081,大阪府大阪市中央区,南船場2-7-11,心斎橋ビル5F,06-6268-5154,06-6268-5030,,,,,
100167,株式会社　明光,ﾒｲｺｳ,132-0023,東京都江戸川区,西一之江2-22-22,,03-3656-3391,03-3654-3717,,,,,
100168,プーマタイムアフターサービス,ﾌﾟｰﾏﾀｲ,104-0061,東京都中央区,銀座1-2-4,サクセス銀座ファーストビルB1F,03-5524-6781,03-5250-2110,,,,,
100169,ジェントス　株式会社,ｼﾞｪﾝﾄｽ,110-0008,東京都台東区,池之端2-7-17,,03-3824-1667,03-3823-2558,,,,,
100170,"MYWA SWISS WATCH&Jewellery LTD.,",ﾏｲﾜ,,,,,,,,,,,
100171,サンイーグル装身具　株式会社,ｻﾝｲｰｸﾞﾙ,101-0031,東京都千代田区,東神田1-9-8,ミユキビル8階,03-5822-7410,03-3864-7701,,,,,
100172,nano color,ﾅﾉｶﾗｰ,577-0033,大阪府東大阪市,御厨東1-6-20,,080-3111-8989,,,,,,
100173,有限会社　SHOW Me,ｼｮｳｰﾐｰ,564-0051,大阪府吹田市,豊津町11-16,第一かつみビル3F,06-6190-7887,06-4861-1777,,,,,
100174,株式会社　A.I.C,ｴｰｱｲｼｰ,564-0063,大阪府吹田市,江坂町1-12-4,第2江坂ソリトンビル2階,06-6318-6589,06-6310-7168,,,,,
100175,株式会社　DKSHジャパン,ﾃﾞｨｰｹｲ,1088360,東京都港区三田3-4-19,,,03-5441-4515,,,,,,
100176,BEIJING BLOSSOM INTERNATIONAL,BEIJIN,,,,,,,,,,,
100177,オフィスハッシュ　株式会社,ｵﾌｨｽﾊｯ,150-0021,東京都渋谷区,恵比寿西2-20-8,パーフェクトルーム617,03-3476-0003,03-5784-4727,,,,,
100178,株式会社　ベル,ﾍﾞﾙ,157-0071,東京都世田谷区,千歳台1-39-15,,03-3483-7766,03-3483-7921,,,,,
100179,LONGITUDE LTD,ﾛﾝｼﾞﾁｭ,,,,,,,,,,,
100180,アクセソ・モーダ,ｱｸｾｿ･ﾓ,631-0078,奈良県奈良市,富雄元町2丁目3-29-1,上田ビル305,0742-55-1700,0742-55-1700,,,,,
100181,株式会社　富士精密,ﾌｼﾞｾｲﾐ,354-0031,埼玉県富士見市,勝瀬889-1,,049-277-7566,049-263-8481,,,,,
100182,AVANTCO,ｱﾊﾞﾝﾁｺ,,,,,,,,,,,
100183,アドミラル産業　株式会社,ｱﾄﾞﾐﾗﾙ,111-0043,東京都台東区,駒形1-2-13,,03-3843-9662,03-3843-9661,,,,,
100184,株式会社　ANDOROS,ｱﾝﾄﾞﾛｽ,154-0004,東京都世田谷区,太子堂1-4-17,FビルB1,03-6770-7512,03-5431-0472,,,,,
100185,レビュートーメンジャパン,ﾚﾋﾞｭｰﾄ,110-0005,東京都台東区,上野3-10-10,関東ビル5F,03-5812-6880,03-5812-6881,,,,,
100186,ウインデージア,ｳｲﾝﾃﾞｰ,286-0033,千葉県成田市,花崎町799-7,ホクセイビル4F,0476-20-2660,0476-20-2661,,,,,
100187,PHILIPPE SALVET(FAR EAST)LTD,ﾌｨﾘｯﾌﾟ,,"SUITEB,6F,Ritz plaza122 Austin",Road Kln. H.K,,852-2302-0477,,,,,,
100188,株式会社　ヨヴィッサジャパン,ﾖｳﾞｨｯｻ,235-0021,神奈川県横浜市磯子区,岡村1-3-10,,045-754-1923,045-754-1922,,,,,
100189,有限会社　ｽｷﾞﾔﾏｻﾝｼｬｲﾝ,ｽｷﾞﾔﾏｻ,170-6002,東京都豊島区,東池袋3-1-2,ｻﾝｼｬｲﾝｱﾙﾊﾟ2F　48号,03-3987-4080,03-3987-4308,,,,,
100190,株式会社　シーマジャパン,ｼｰﾏｼﾞｬ,354-0014,埼玉県富士見市,水谷2-10-4,,049-254-1511,049-254-1510,,,,,
100191,株式会社　マツダ,ﾏﾂﾀﾞ,604-8206,京都府京都市中京区,新町三条上ル町頭町91,,075-221-5111,,,,,,
100192,セイコークロック　株式会社,ｾｲｺｰｸﾛ,1358557,東京都江東区福住2-4-3,,,03-5639-6500,,,,,,
100193,株式会社　アースライズ,ｱｰｽﾗｲｽ,175-0083,東京都板橋区,徳丸6-51-10-801,,048-299-4953,048-299-4954,,,,,
100194,TIME MODULE(H.K)LTD,ﾀｲﾑﾓｼﾞ,,"Room2501,Metroplaza Tower2,223","Hing Fong Road,Kwai Fong,N.T.,",Hong Kong,852-2429-7979,852-2420-6992,,,,,
100195,DELTA LINK ENTERPRISES LTD,ﾃﾞﾙﾀﾘﾝ,,"UNIT20-21,8F BLOCK B,HI TECHIND",CTR.491-501 CASTLE PEAKRD.TSUEN,"WAN,N,T,HONG KONG",,,,,,,
100196,株式会社　イートランス,ｲｰﾄﾗﾝｽ,577-0012,大阪府東大阪市,長田東2-1-13,,06-6748-8080,06-6748-8088,,,,,
100197,株式会社　NCO製作所,ｴﾇｼｰｵｰ,110-0014,東京都台東区,北上野2-24-10,,03-3843-7905,03-3843-7218,,,,,
100198,Luna Kairos,ﾙﾅｶﾙﾛｽ,350-1335,埼玉県狭山市,柏原2580-48,,04-2952-9495,04-2952-9495,,,,,
100199,ﾌｪﾃﾞｯｸｽ下請け運送,ﾌｪﾃﾞｯｸ,,,,,,,,,,,
100200,WAVE PROMOTIONS LTD,ｳｪｰﾌﾞﾌ,,,,,,,,,,,
100201,協和精工　株式会社,ｷｮｳﾜｾｲ,277-0855,千葉県柏市,南柏1-1-2,富士物産ビル5F(柏営業所）,04-7142-7381,04-7147-7772,,,,,
100202,ATOP PRECISION IND.CO.LTD,ATOP P,,,,,,,,,,,
100203,ブレインプロダクツ　株式会社,ﾌﾞﾚｲﾝﾌﾟﾛﾀﾞ,104-0028,東京都中央区,八重洲２丁目5-12,プレリー八重洲ビル7F,03-3527-9510,03-3527-9462,,,,,
100204,有限会社　ﾖｼﾀﾞﾄﾚｰﾄﾞｶﾝﾊﾟﾆｰ,ﾖｼﾀﾞﾄﾚｰﾄﾞ,106-0031,東京都港区,西麻布2-26-7,,03-5774-9042,03-5774-9043,,,,,
100205,アデッソ　株式会社,ｱﾃﾞｯｿ ｶﾌﾞｼ,140-0013,東京都品川区,南大井6-17-10,大森レインボービル2F,03-5762-8756,03-5718-2380,,,,,
100206,三善産業　株式会社,ﾐﾖｼｻﾝｷﾞｮｳ,111-0055,東京都台東区,三筋1-4-12,,03-3862-4892,03-3862-4890,,,,,
100207,有限会社　ﾌｫｰｶｽｺｰﾎﾟﾚｰｼｮﾝ,ﾌｫｰｶｽｺｰﾎﾟﾚ,533-0033,大阪府大阪市東淀川区,東中島1-20-14,東口ステーションビル3F,06-6815-8693,06-6815-8694,,,,,
100208,有限会社　BLUES,ﾌﾞﾙｰｽ,150-0001,東京都渋谷区,神宮前2-6-7,神宮前ファッションビル5F,03-6438-9913,03-6438-9914,,,,,
100209,GROVANA WATCH COMPANY LTD,ｸﾞﾛﾊﾞﾅｳｫｯﾁ,,"BISNACHT WEG42,CH-4456 TENNIKEN",SWITZERLAND,,41619714255,41619714281,,,,,
100210,内田ゴールド　株式会社,ｳﾁﾀﾞｺﾞｰﾙﾄﾞ,111-0043,東京都台東区,駒形1-12-6,,03-3864-0001,03-3864-5555,,,,,
100211,有限会社　Roki,ﾛｷ,168-0073,東京都杉並区,下高井戸4-35-10,S-CORRIDOR C-1-2,03-5357-8464,03-5357-8465,,,,,
100212,株式会社　ライテック,ﾗｲﾃｯｸ,111-0053,東京都台東区,浅草橋2-13-9,,03-3861-5151,03-3851-2289,,,,,
100213,坪田パール　株式会社,ﾂﾎﾞﾀﾊﾟｰﾙ ｶ,130-0005,東京都墨田区,東駒形2-14-12,,03-3829-5651,03-3829-5650,,,,,
100214,株式会社　春山商事,ﾊﾙﾔﾏｼｮｳｼﾞ,110-0016,東京都台東区,台東4-13-21,,03-3832-6196,03-3832-1486,,,,,
100215,株式会社　誠時,ｾｲｼﾞ,220-0003,神奈川県横浜市西区,楠町16-1,,045-620-3223,045-323-3113,,,,,
100216,ファースト・ランニング株式会社,ﾌｧｰｽﾄ･ﾗﾝﾆﾝ,110-0016,東京都台東区,台東4-24-7,須田ビル3F,03-5818-5290,03-5818-5390,,,,,
100217,株式会社　ベンウイック,ﾍﾞﾝｳｲｯｸ,110-0003,東京都台東区,根岸3-22-8,,03-3872-0317,03-3872-0373,,,,,
100218,株式会社　JOE,ｼﾞｮｳｴ,750-0017,山口県下関市,細江新町2-1,,083-231-2223,083-231-2571,,,,,
100219,株式会社　テソロ,ﾃｿﾛ,244-0805,神奈川県横浜市戸塚区,川上町52-1,ｵﾘﾝﾌﾟｯｸｵﾘｰﾌﾞ東戸塚店2F,045-821-0077,045-821-3600,,,,,
100220,株式会社　内田屋,ｳﾁﾀﾞﾔ,543-0044,大阪府大阪市天王寺区,国分町17-22,,06-6779-6060,06-6779-2420,,,,,
100221,TIME EASY INDUSTRIAL,ﾀｲﾑｲｰｼﾞｰ,,,,,,,,,,,
100222,Genius International,ｼﾞﾆｱｽ,,"11/F Unit 1121-1122,Asia Trade","Center,79 Lei Muk Road,","Kwai Chung,NT.,Hong Kong",,,,,,,
100223,ベストビジョン　株式会社,ﾍﾞｽﾄﾋﾞｼﾞｮﾝ,700-0902,岡山県岡山市北区,錦町1-1,岡山駅前ビル8F,086-235-2850,086-235-2853,,,,,
100224,株式会社　フィラ・ビューテック,ﾌｨﾗ･ﾋﾞｭｰﾃｯ,910-0034,福井県福井市,菅谷2丁目3-14,,0776-21-4472,0776-21-9868,,,,,
100225,HONDY FAR EAST LTD,ﾎﾝﾃﾞｨ,,"Flat B&C 9/F Winner Fty Bldg,.55","Hung To RD., Kwnu Tong.Kowloon,",HK,,,,,,,
100226,Silcon Innoproducts Ltd,ｼﾘｺﾝ,,"C1,6thFloor,Hong Kong industrial","Centre,489-491,Castle Peak Road,","Kowloon,Hong Kong",852-2744-0813,852-2744-0222,,,,,
100227,協和海運　株式会社,ｷｮｳﾜｶｲｳﾝ,231-0025,神奈川県横浜市中区,松影町2-5-4,,045-641-2211,045-641-2221,,,,,
100228,株式会社　ソフィス,ｿﾌｨｽ,224-0054,神奈川県横浜市都筑区,佐江戸町269-1,,045-532-6391,045-532-6392,,,,,
100229,KENTEX CRAFT LTD.,ｹﾝﾃｯｸｽｸﾗﾌﾄ,,"Room4,11/F,Sun Cheong Industrial","Building2-4 Cheung Yee Street,","Cheung Sha Wan,Kowloon,Hong Kong",,,,,,,
100230,吉田　株式会社,ﾖｼﾀﾞ ｶﾌﾞｼｷ,111-0041,東京都台東区,元浅草2-3-4,,03-3842-0531,03-3842-0537,,,,,
100231,株式会社　ゼロファイブ,ｾﾞﾛﾌｧｲﾌﾞ,335-0033,埼玉県戸田市,笹目北町12-11,,048-449-6267,048-449-6268,,,,,
100232,ハイファイブ　株式会社,ﾊｲﾌｧｲﾌﾞ ｶﾌ,103-0005,東京都中央区,日本橋久松町4-6,,03-5623-2106,03-5623-2107,,,,,
100233,ＧＲ　株式会社,ｼﾞｰｱｰﾙ,107-0052,東京都港区,赤坂3-21-4,新日本ビルディング5F,03-5574-8883,03-5574-8884,,,,,
100234,岩谷マテリアル　株式会社,ｲﾜﾀﾆﾏﾃﾘｱﾙ,104-0033,東京都中央区,新川1-4-1,住友不動産六甲ビル,03-3555-3501,03-3555-3900,aoki@iwatani-materials.jp,青木,,メーカー,
100235,株式会社　デザインファクトリー,ﾃﾞｻﾞｲﾝﾌｧｸﾄ,108-0075,東京都港区,港南2-12-32,SOUTH PORT 品川　6階,03-6872-1770,03-6872-1773,,,,,
100236,株式会社　ｾﾝﾁｭﾘｰﾄﾚｰﾃﾞｨﾝｸﾞｶﾝﾊﾟﾆｰ,ｾﾝﾁｭﾘｰﾄﾚｰﾃ,160-0022,東京都新宿区,新宿5-17-11,白鳳ビル4階,03-3208-5881,03-3207-4388,,,,,
100237,モントレックス　株式会社,ﾓﾝﾚｯｸｽ ｶﾌﾞ,103-0025,東京都中央区,日本橋茅場町2-8-1,,03-3668-8550,03-3668-8555,,,,,
100238,株式会社　クレセル,ｸﾚｾﾙ,289-1223,千葉県山武市,埴谷1936-1,,0475-88-3870,0475-88-3874,mn.watarai@ezweb.ne.jp,渡会,温湿度計・センサー,メーカー,日本国内における温湿度計の老舗メーカーです。
100239,セイコーアイウェア　株式会社,ｾｲｺｰｱｲｳｪｱ,103-0000,東京都中央区,八丁堀1-9-9,セイコー八重洲通ビル,03-5542-5090,03-5542-5048,,,,,
100240,スタイル　株式会社,ｽﾀｲﾙ ｶﾌﾞｼｷ,130-0026,東京都墨田区,両国4-31-11,,03-5625-8165,03-5625-8145,,,,,
100241,株式会社　コアテック,ｺｱﾃｯｸ,783-0092,高知県南国市,田村乙2040-1,,088-804-6080,088-804-6081,,,,,
100242,ファミリーサービスエイコー,ﾌｧﾐﾘｰｻｰﾋﾞｽ,103-0028,東京都中央区,八重洲１丁目9-13,八重洲ヤヨイビル10F,03-3516-1444,03-3516-1445,,,,,
100243,YU HING MFG.CO.,ﾕｰﾋﾝｸﾞ,,,,,852-2818-9202,852-2818-2738,,,,,
100244,EVER SUNRISE INTERNATIONAL LTD,ｴﾊﾞｰｻﾝﾗｲｽﾞ,,"FLAT 2401 TUNG CHE COMM.,CENTER","246 DES VOEUX ROAD,WEST",HONG KONG,,,,,,,
100245,株式会社　キザキ,ｷｻﾞｷ,384-0061,長野県小諸市,加増字上の平561-2,,0267-22-1354,0267-23-5556,,,,,
100246,株式会社　フォロー,ﾌｫﾛｰ,110-0015,東京都台東区,東上野2-22-5,旭ビル2階,03-5816-8701,03-3837-8703,k-hattori@follow2016.jp,服部,腕時計,メーカー,
100247,スタジオイエロー,ｽﾀｼﾞｵｲｴﾛｰ,190-0011,東京都立川市,高松町1-18-7,,042-529-2246,042-529-2246,,,,,
100248,THREE ARROWS INTRENATIONAL LTD,ｽﾘｰｱﾛｰｽﾞ,,"9th Fioor,Amtel Building,148 Des","Voeux Rood Central Central,",Hong Kong,,,,,,,
100249,GLOBAL TIME(HK)LIMITED,ｸﾞﾛｰﾊﾞﾙﾀｲﾑ,,UINIT 509 HONG MAN INDUSTRIAL,"CENTRE,NO.2 HONG MAN STREET,","CHAIWAN,HONG KONG",,,,,,,
100250,Idea Creatime Ltd,ｱｲﾃﾞｱｸﾘｴｰﾄ,,"Room 2401 Tung Che Comm,Center,","246Des Voeux Road West,",Hong Kong,,,,,,,
100251,株式会社　大沢商会,ｵｵｻﾜｼｮｳｶｲ,103-0001,東京都中央区,日本橋小伝馬町1-7,スクエア日本橋5階,03-3527-2682,03-5614-5052,,,,,
100252,エプソン販売　株式会社,ｴﾌﾟｿﾝﾊﾝﾊﾞｲ,160-8801,東京都新宿区,新宿4-1-6,ＪＲ新宿ミライナタワー29階,03-5919-5211,,,,,,
100253,ﾊｰﾄ光学　株式会社,ﾊｰﾄｺｳｶﾞｸ ｶ,910-2148,福井県福井市,篠尾町82-31,,0776-41-0493,0776-41-0919,,,,,
100254,有限会社　ヴォガ,ｳﾞｫｶﾞ,142-0041,東京都品川区,戸越1-8-1,VOGAビル,03-5749-3355,03-5749-4455,,,,,
100255,株式会社　ボーディングパス,ﾎﾞｰﾃﾞｨﾝｸﾞﾊ,111-0032,東京都台東区,浅草6-5-3,テラ21ビル　2階,03-5808-9028,03-5808-9030,,,,,
100256,三嶋電子　株式会社,ﾐｼﾏﾃﾞﾝｼ ｶﾌ,101-0054,東京都千代田区,神田錦町3-6,山城第3ビル6F　61号,03-3293-4791,03-3293-4792,,,,,
200004,株式会社　アスカ,ｱｽｶ,110-0015,東京都台東区,東上野1-14-9,中島ビル4F,03-3836-0951,03-3836-1180,,,,,
200006,有限会社　アベトレーディング,ｱﾍﾞﾄﾚｰ,270-0114,千葉県流山市,東初石3-111-1,WOOD　PARK　E101,04-7153-9264,04-7153-5546,,,,,
200009,株式会社　インポートフジイ,ｲﾝﾎﾟｰﾄ,110-0005,東京都台東区,上野1-18-11,山光堂ビル　5F,03-3832-0036,03-3837-3912,,,,,
200010,株式会社　ウィル,ｳｨﾙ,910-0856,福井県福井市,勝見3-21-12,,0776-26-8070,0776-26-8507,,,,,
200014,有限会社　エースウォッチジャパン,ｴｰｽｳｫｯ,111-0055,東京都台東区,三筋2-9-7,2･9･7BUILDING　3F,03-3862-1995,03-3862-1997,,,,,
200015,株式会社,ｴｰｴｽﾈｯ,231-0023,神奈川県横浜市中区,山下町162-1,飛栄ビル3F,045-211-1730,045-211-1740,,,,,
200016,エスカム　株式会社,ｴｽｶﾑ,110-0005,東京都台東区,上野7-9-15,車坂ビル2F,03-5806-1381,03-5806-1382,,,,,
200017,株式会社　エスパル,ｴｽﾊﾟﾙ,111-0053,東京都台東区,浅草橋3-3-1,田村ビル501,03-5828-1791,03-5828-1790,,,,,
200019,株式会社　エヌ・ワイ・ピー,ｴﾇ･ﾜｲ･,110-0015,東京都台東区,東上野3-15-14,ウエノエストビル2F,03-3833-7021,03-3837-4090,,,,,
200021,株式会社　エルシオン,ｴﾙｼｵﾝ,106-0046,東京都港区,元麻布3-10-9,,03-3796-1370,,,,,,
200022,近江屋写真用品　株式会社,ｵｳﾐﾔﾔｼ,132-0035,東京都江戸川区,平井5-1-1,日本通運㈱平井支店内　K号棟1F,03-5600-2581,03-5600-2582,,,,,
200023,株式会社　オーバル,ｵｰﾊﾞﾙ,340-0015,埼玉県草加市,高砂2-2-32,浅古ビル4F,048-923-1516,048-923-1517,,,,,
200025,有限会社　キャｯスルプロダクツ,ｷｬｯｽﾙﾌ,116-0014,東京都荒川区,東日暮里5-35-5,サカエビル1Ｆ,03-3806-1461,03-5818-1317,,,,,
200026,有限会社　きゃろっとサプライ,ｷｬﾛｯﾄｻ,063-0054,北海道札幌市西区,宮の沢四条3丁目16番25号,,011-665-1001,011-665-2030,,,,,
200028,株式会社　協和時販,ｷｮｳﾜｼﾞ,110-0015,東京都台東区,東上野3-15-13,スエヒロビル4F,03-3833-1651,03-3833-1658,,,,,
200030,株式会社　クレーマ,ｸﾚｰﾏ,551-0023,大阪府大阪市大正区,鶴町1-1-31,,06-6563-6650,06-6563-6651,,,,,
200032,有限会社　クマモト,ｸﾏﾓﾄ,238-0313,神奈川県横須賀市,武3-17-12-1103,,0468-57-9146,0468-57-9146,,,,,
200034,グローバルタイムジャパン,ｸﾞﾛｰﾊﾞ,151-0051,東京都渋谷区,千駄ケ谷5-26-5-907,,03-3353-5696,,,,,,
200035,株式会社　ケイアンドオー,ｹｲｱﾝﾄﾞ,543-0025,大阪府大阪市天王寺区,下味原町3-9,BWI下味原ビル7F,06-6774-1800,06-6774-1801,,,,,
200037,株式会社　コックス,ｺｯｸｽ,110-0012,東京都台東区,竜泉3-41-7,Kフラッツ1F,03-5603-6321,03-5603-6323,,,,,
200039,有限会社　コラボ,ｺﾗﾎﾞ,110-0016,東京都台東区,台東3-40-2,,03-5807-1601,03-5807-1602,,,,,
200041,株式会社　サガワ,ｻｶﾞﾜ,556-0006,大阪府大阪市浪速区,日本橋東2-4-20,,06-6643-5651,06-6649-5335,,,,,
200045,株式会社　三幸宝飾,ｻﾝｺｳﾎｳ,110-0005,東京都台東区,上野5-11-2,第3オリエントビル2F,03-3836-2535,03-3836-2832,,,,,
200048,株式会社　シービーエス,ｼｰﾋﾞｰｴ,541-0057,大阪府大阪市中央区,北久宝寺町3-3-1,心斎橋モリセビル601号,06-6244-9551,06-6244-9552,,,,,
200049,株式会社,ｼﾀｰﾝｲﾝ,110-0015,東京都台東区,東上野1-7-9,松村ビル4F,03-3834-4311,03-3834-4312,,,,,
200054,株式会社　セベ,ｾﾍﾞ,230-0076,神奈川県横浜市鶴見区,馬場3-2-32,,045-580-7151,045-580-7155,,,,,
200055,株式会社　セルズ,ｾﾙｽﾞ,111-0041,東京都台東区,元浅草3-6-1,エクセレントタワー2Ｆ,03-3847-9990,03-3847-9990,,,,,
200059,株式会社　タスク,ﾀｽｸ,110-0015,東京都台東区,東上野1-1-12,栗橋ビル,03-3831-5821,03-3835-7367,,,,,
200061,中部商事　株式会社,ﾁｭｳﾌﾞｼ,460-0011,愛知県名古屋市中区,大須3-17-24,,052-263-6081,052-263-6094,,,,,
200063,株式会社　トウカイタイム,ﾄｳｶｲﾀｲ,476-0003,愛知県東海市,荒尾町東屋敷2番地,,052-603-4799,052-603-4899,,,,,
200064,株式会社　トキマ,ﾄｷﾏ,110-0015,東京都台東区,東上野1-11-7,,03-5807-3131,03-5807-3132,,,,,
200065,トップモア　株式会社,ﾄｯﾌﾟﾓｱ,111-0043,東京都台東区,駒形1-2-6,大竹ビル,03-3841-7081,03-3841-5843,,,,,
200067,有限会社　ニチギン,ﾆﾁｷﾞﾝ,120-0014,東京都足立区,西綾瀬2-12-9-206,,03-6806-3301,03-6806-3341,,,,,
200069,株式会社　ニバル,ﾆﾊﾞﾙ,101-0021,東京都千代田区,外神田6-14-9,秋葉原MFビル28号館6F,03-5688-8741,03-5688-8742,,,,,
200074,株式会社,ﾊﾙｼﾞｬﾊ,171-0021,東京都豊島区,西池袋5-26-19,陸王西池袋ビル7F,03-5995-2801,03-5995-2775,,,,,
200075,株式会社　ヒューマンフレーム,ﾋｭｰﾏﾝﾌ,120-0034,東京都足立区,千住3-6,ツォード602,03-3870-3111,03-3870-5741,,,,,
200077,株式会社　フィクス,ﾌｨｸｽ,169-0075,東京都新宿区,高田馬場4-3-8,松島第二ビル　1F・2F,03-5348-1871,03-5348-1575,,,,,
200078,株式会社　富士,ﾌｼﾞ,465-0024,愛知県名古屋市名東区,本郷3-148,,052-777-3001,052-777-3381,,,,,
200082,株式会社　トラストタイム,ﾄﾗｽﾄﾀｲ,110-0015,東京都台東区,東上野1-7-13,オカダビル2F,03-3839-6571,03-3839-6573,,,,,
200084,マーサインターナショナル,ﾏｰｻｲﾝﾀｰﾅｼｮ,104-0043,東京都中央区,湊3-5-10,セントラル新富町6F,03-5541-0170,03-5541-0180,,,,,
200085,株式会社　マックス,ﾏｯｸｽ,906-0013,沖縄県宮古島市,平良字下里1153-3,OKマンション202号,0980-79-8200,0980-79-8210,,,,,
200092,有限会社　ヤマニコーポレーション,ﾔﾏﾆｺｰﾎ,130-0012,東京都墨田区,太平1-11-4,ﾗｲｵﾝｽﾞﾏﾝｼｮﾝ錦糸町第6　403号室,03-6456-1271,03-6456-1272,,,,,
200097,株式会社　芳国産業,ﾖｼｸﾆｻﾝ,111-0043,東京都台東区,駒形2-4-11,ﾖｼｸﾆ駒形ﾋﾞﾙ10F,03-3843-7811,03-3843-2559,,,,,
200098,有限会社　吉葉屋商店,ﾖｼﾊﾞﾔｼ,110-0005,東京都台東区,上野6-10-7,アメ横プラザ58号,03-3832-7005,03-3831-0007,,,,,
200099,株式会社　リーイン,ﾘｰｲﾝ,101-0021,東京都千代田区,外神田5-5-10,,03-3835-3955,03-3835-3956,,,,,
200101,株式会社　ルイシャロン,ﾙｲｼｬﾛﾝ,110-0005,東京都台東区,上野3-7-8,大河内ビル1F,03-3837-7890,03-3837-1348,,,,,
200103,株式会社　ワイナック,ﾜｲﾅｯｸ,115-0045,東京都北区,赤羽3-3-3,ドミール赤羽2F,03-3598-8661,03-3598-8662,,,,,
200104,㈲限会社　和三九,ﾜｻｸ,177-0042,東京都練馬区,下石神井2-19-19,,03-5910-3145,03-5910-3146,,,,,
200105,カワムラ商事　株式会社,ｶﾜﾑﾗｼｮ,277-0921,千葉県柏市,大津ケ丘3-17-14-101,,04-7192-0895,04-7192-0895,,,,,
200106,有限会社　キャビン,ｷｬﾋﾞﾝ,285-0837,千葉県佐倉市,王子台1-4-1,,043-461-9550,043-461-9550,,,,,
200134,有限会社　ベストサポート,ﾍﾞｽﾄｻﾎ,270-2267,千葉県松戸市,牧の原1-164,,047-311-3260,047-311-1727,,,,,
200136,㈱プレジャー,ﾌﾟﾚｼﾞｬ,110-0016,東京都台東区,台東3-5-10,ダイアパレス御徒町第三707号,03-5807-8911,03-5807-8912,,,,,
200137,ヨシダトレーディング,ﾖｼﾀﾞﾄﾚ,332-0016,埼玉県川口市,幸町1-1-28,岩瀬ビル1F,048-241-5325,048-241-5350,,,,,
200139,ダイヤモンド　株式会社,ﾀﾞｲﾔﾓﾝ,541-0057,大阪府大阪市中央区,北久宝寺町1-4-15,SC堺筋本町ビル2F,06-6262-0061,06-6262-0065,,,,,
200140,株式会社　マルマンプロダクツ,ﾏﾙﾏﾝﾌﾟ,110-0012,東京都台東区,竜泉1-27-3,水野ビル3階,03-5808-0711,03-5808-0713,,,,,
200142,株式会社　ビッグワン,ﾋﾞｯｸﾞﾜ,542-0076,大阪府大阪市中央区,難波3-7-3,,06-6634-4741,06-6636-4711,,,,,
200143,CREMA(HK)COMPANY LIMITED,CREMA(,,,,,,,,,,,
200144,㈱マルマンプロダクツ,ﾝﾏﾙﾏﾝﾌ,340-0048,埼玉県草加市,原町3-8-31,,048-946-6113,,,,,,
200147,株式会社　ブレイヴ,ﾌﾞﾚｲｳﾞ,111-0036,東京都台東区,松が谷2-9-5-201,,03-3847-3701,03-3847-3601,,,,,
200149,有限会社　ホップトレーディング,ﾎｯﾌﾟﾄﾚ,201-0016,東京都狛江市,駒井町2-7-2,,03-3488-6789,03-3488-4991,,,,,
200150,JOY　POWER,ｼﾞｮｲﾊﾟ,,,,,,,,,,,
200154,BOMASS　LIMITED,ﾎﾞﾏｽ,,704JOIN-IN　HANG　SING　CENTRE,71-75　CONTAINER　PORT　ROAD,,,,,,,,
200158,有限会社　ユキコーポレーション,ﾕｷｺｰﾎﾟ,225-0026,神奈川県横浜市青葉区,もみの木台24-25,もみの木台フラット103,045-901-3991,045-901-3991,,,,,
200166,株式会社　オーパーツ,ｵｰﾊﾟｰﾂ,101-0032,東京都千代田区,岩本町3-9-17,スリーセブンビル　3F,03-5823-3551,03-5823-3553,,,,,
200168,株式会社　オリエンタルトレイド,ｵﾘｴﾝﾀﾙ,178-0062,東京都練馬区,大泉町3-4-23,,03-3867-8601,03-3867-8605,,,,,
200171,バンガード　有限会社,ﾊﾞﾝｶﾞｰ,270-2254,千葉県松戸市,河原塚237-4,ラルゴ八柱1F,047-383-1401,047-383-1402,,,,,
200180,株式会社エルシオントレーディング,ｴﾙｼｵﾝﾄ,106-0046,東京都港区,元麻布3-10-9,,03-5474-8871,03-3408-5527,,,,,
200186,株式会社　ケイメイト,ｹｲﾒｲﾄ,108-0014,東京都港区,芝5-32-9,,03-3798-3777,03-3798-3762,,,,,
200189,株式会社　シラカワ,ｼﾗｶﾜ,311-4164,茨城県水戸市,谷津町1-30,,029-257-1877,029-257-1875,,,,,
200190,株式会社　オザキ,ｵｻﾞｷ,460-0011,愛知県名古屋市中区,大須3-5-24,,052-241-5291,052-241-6207,,,,,
200194,株式会社　ｱｯｷｰｲﾝﾀｰﾅｼｮﾅﾙ,ｱｯｷｰｲﾝ,101-0021,東京都千代田区,外神田4-4-2,外神田第１ビル　8階,03-5207-7230,03-5207-7231,,,,,
200195,株式会社　サンメイト,ｻﾝﾒｲﾄ,454-0911,愛知県名古屋市中川区,高畑4-55,,052-364-5488,052-353-0209,,,,,
200196,有限会社　GTO,ｼﾞｰﾃｨｰ,175-0092,東京都板橋区,赤塚2-36-20-402,,03-5904-5401,03-5904-5402,,,,,
200210,株式会社　三福,ﾐﾌｸ,540-0003,大阪府大阪市中央区,森ノ宮中央1-18-19,伊藤ビル402,06-6949-1571,06-6949-1572,,,,,
200216,株式会社　ｱﾊﾞﾝｾｺｰﾎﾟﾚｰｼｮﾝ,ｱﾊﾞﾝｾｺ,101-0064,東京都千代田区,猿楽町2-1-1,桐山ビル3F,03-5280-7678,03-3295-4353,,,,,
200239,有限会社　ポールポジション,ﾎﾟｰﾙﾎﾟ,550-0014,大阪府大阪市西区,北堀江1-6-20,アバニテ四ツ箸302号,06-6539-7651,06-6539-7652,,,,,
200242,株式会社　トキテック,ﾄｷﾃｯｸ,169-0075,東京都新宿区,高田馬場1-33-13,千年ビル702号室,03-5155-6780,03-3205-2256,,,,,
200244,株式会社　マルマツ,ﾏﾙﾏﾂ,069-0833,北海道江別市,文京台43-10,,011-386-1610,011-386-1533,,,,,
200251,時計のつのだ,ﾂﾉﾀﾞ,103-0013,東京都中央区,日本橋人形町2-7-2,,03-5623-2737,03-5623-2737,,,,,
200263,瑞穂商事　株式会社,ﾐｽﾞﾎｼｮ,460-0008,愛知県名古屋市中区,栄3-25-43,瑞穂ビル,052-262-6056,052-261-1179,,,,,
200275,株式会社　タケフジ,ﾀｹﾌｼﾞ,110-0016,東京都台東区,台東4-31-8,,03-3832-5788,03-3832-4633,,,,,
200277,株式会社　トキマ企画開発部,ﾄｷﾏｷｶｸ,110-0015,東京都台東区,東上野1-11-7,,03-5807-3131,03-5807-3133,,,,,
200280,株式会社　ｼﾞｬﾊﾟﾝﾒｰﾙｻｰﾋﾞｽ,ｼﾞｬﾊﾟﾝ,150-0002,東京都渋谷区,渋谷1-1-10,ニューハイツ青山　4F,03-5464-2621,03-5464-3765,,,,,
200283,株式会社　ドウシシャ,ﾄﾞｳｼｼｬ,542-0083,大阪府大阪市中央区,東心斎橋1-5-5,,06-6121-5888,06-6121-5920,,,,,
200291,株式会社　マイウォッチ,ﾏｲｳｫｯﾁ,153-0044,東京都目黒区,大橋2-12-19,パレスKY301号,03-5465-2690,03-5465-2691,,,,,
200299,有限会社　ネクストアイ,ﾈｸｽﾄｱｲ,182-0026,東京都調布市,小島町1-11-6,エンケ301号,042-499-1011,042-499-1012,,,,,
200301,株式会社　三喜,ｻﾝｷ,111-0053,東京都台東区,浅草橋1-9-16,日東ビル4F,03-5820-8661,,,,,,
200303,株式会社　ウインズ,ｳｲﾝｽﾞ,532-0003,大阪府大阪市淀川区,宮原2-1-39,ウインズビル,06-6397-4618,06-6397-4104,,,,,
200308,有限会社サイプレストレーディング,ｻｲﾌﾟﾚｽ,550-0004,大阪府大阪市西区,靱本町1-15-14,西井ビル　7F,06-6459-4140,06-6459-4144,,,,,
200313,株式会社　ヤスダ,ﾔｽﾀﾞ,577-0802,大阪府東大阪市,小阪本町2-5-23,,06-6722-5571,06-6722-5575,,,,,
200314,株式会社　コア,ｺｱ,114-0012,東京都北区,田端新町1-13-5-103,,03-3810-3021,03-6809-6430,,,,,
200316,リコーエレメックスエーティー,ﾘｺｰｴﾚﾒ,464-0075,愛知県名古屋市千種区,内山2-14-29,,052-734-0301,,,,,,
200334,ＹＫＭプランニング,ﾜｲｹｰｴﾑ,544-0005,大阪府大阪市生野区,中川2-6-10,,06-6756-8878,06-6751-5255,,,,,
200345,リズム開発　株式会社,ﾘｽﾞﾑｶｲ,3309551,埼玉県さいたま市大宮区北袋町,1丁目299番地12,,048-643-7781,048-643-8281,,,,,
200386,ワンダークエスト　株式会社,ﾜﾝﾀﾞｰｸｴｽﾄ,530-0003,大阪府大阪市北区,堂島1-5-17,堂島グランドビル　7F,06-4797-2511,06-4797-2512,,,,,
200394,株式会社　ＹＳ,ﾜｲｽﾞ,114-0002,東京都北区,王子1-28-10,,03-5902-3002,03-5390-6088,,,,,
200400,株式会社　オザワトレーディング,ｵｻﾞﾜﾄﾚ,501-0472,岐阜県本巣市,下福島484,,058-260-8903,058-260-8904,,,,,
200401,株式会社　グレイス,ｸﾞﾚｲｽ,158-0098,東京都世田谷区,上用賀5-2-12,シンコービル2F,03-6431-0326,03-6431-0327,,,,,
200403,株式会社　ｴｽ･ｹｲ･ｲﾝﾀｰﾅｼｮﾅﾙ,ｴｽｹｲｲﾝﾀｰ,556-0006,大阪府大阪市浪速区,日本橋東1-1-5,SK BUILDING 2階,06-6645-5858,06-6645-5857,,,,,
200414,株式会社　パンデミック,ﾊﾟﾝﾃﾞﾐ,151-0063,東京都渋谷区,富ケ谷1-45-13,,03-6407-2363,03-6407-2375,,,,,
200420,BEIJING BLOSSOM INTERNATIONAL,ﾍﾞｲｼﾞﾝ,100024,No.3129 Dongxu Garden No.18,Shuangziao East Road Chaoyang,"District BEIJING,CHINA",8610-85370325,8610-85372401,,,,,
200422,株式会社　ゆうわ,ﾕｳﾜ,110-0015,東京都台東区,東上野1-7-9-2F,,03-5846-5216,03-5846-5217,,,,,
200441,株式会社　渋谷フェイス,ｼﾌﾞﾔﾌｪ,150-0031,東京都渋谷区,桜丘町4-22,日本発明振興会館4F,03-5784-0918,03-5784-0919,,,,,
200445,株式会社　オークウッド,ｵｰｸｳｯﾄ,158-0097,東京都世田谷区,用賀2-29-3,コーポラス広田101,03-5491-5018,03-5491-5019,,,,,
200452,株式会社　DMM.COM,ﾃﾞｨｰｴﾑ,150-6014,東京都渋谷区恵比寿4-20-3,恵比寿ガーデンプレイス14階,,03-5789-7031,03-5789-7066,,,,,
200457,株式会社　LAYLA,ﾚｲﾗ,110-0005,東京都台東区,上野7-10-12,,03-3841-3325,03-3841-3326,,,,,
200489,株式会社　ミットジャパン,ﾐｯﾄｼﾞｬﾊﾟﾝ,541-0046,大阪府大阪市中央区,平野町1-8-7,小池ビル　7F,06-6229-0310,06-6229-0340,,,,,
200553,株式会社　ノーブルエイト,ﾉｰﾌﾞﾙｴｲﾄ,116-0001,東京都荒川区,町屋8-13-16-101,,03-6803-0522,,,,,,
300000,インテック商品管理,ｲﾝﾃｯｸｼ,,,,,,,,,,,
300002,株式会社　ローヤル企画,ﾛｰﾔﾙｷｶｸ,101-0054,東京都千代田区,神田錦町3-14,ローヤル錦町ビル5F,03-5280-9578,03-5280-9624,,,,,
500002,有限会社　アート,ｱｰﾄ,558-0001,大阪府大阪市住吉区,大領2-2-26,,06-6606-3417,06-6606-3418,,,,,
500006,有限会社　イグニッション,ｲｸﾞﾆｯｼ,550-0015,大阪府大阪市西区,南堀江1-12-2,東榮ビル503,06-6535-7208,06-6535-7328,,,,,
500021,株式会社　クリークス,ｸﾘｰｸｽ,552-0003,大阪府大阪市港区,磯路2-16-7,,06-6599-1700,06-6599-1703,,,,,
500052,株式会社　丸藤,ﾏﾙﾌｼﾞ,543-0062,大阪府大阪市天王寺区,逢阪1-1-16,FT逢阪ビル501,06-4305-8488,06-4305-8489,,,,,
500068,株式会社　アンクラージェ,ｱﾝｸﾗｰｼ,541-0056,大阪府大阪市中央区,久太郎町1-5-31,三星中央ビル201,06-6262-2551,06-6262-2553,,,,,
500070,有限会社　ウェーブ,ｳｪｰﾌﾞ,540-0004,大阪府大阪市中央区,玉造1-21-22,第二高木ビル202,06-4304-2666,06-4304-2667,,,,,
500081,株式会社　元林,ﾓﾄﾊﾞﾔｼ,550-0014,大阪府大阪市西区,北堀江1-18-17,,06-6536-1786,06-6536-5945,,,,,
